{
  "results": [
    {
      "command": "http :3000/api/v1/add number1:=1 number2:=2 --ignore-stdin",
      "mean": 0.34015397101000006,
      "stddev": 0.005448862796338737,
      "median": 0.33977515116,
      "user": 0.30208648,
      "system": 0.03669731,
      "min": 0.33310748366000004,
      "max": 0.34878979866000004,
      "times": [
        0.33428256866000006,
        0.33310748366000004,
        0.34628246666,
        0.34683135966000006,
        0.33589357566000005,
        0.34216681366,
        0.34623898666,
        0.33322074666,
        0.34025230766000003,
        0.34641893066,
        0.34754527066,
        0.33326805966000006,
        0.33704429966000005,
        0.34024202066000003,
        0.33930828166000004,
        0.34878979866000004,
        0.33583485766000004,
        0.34322754466000005,
        0.33883769966000005,
        0.33428634766000004
      ],
      "exit_codes": [
        0,
        0,
        0,
        0,
        0,
        0,
        0,
        0,
        0,
        0,
        0,
        0,
        0,
        0,
        0,
        0,
        0,
        0,
        0,
        0
      ]
    }
  ]
}
