{
  "results": [
    {
      "command": "http :3000/api/v1/add number1:=2 number2:=2 --ignore-stdin",
      "mean": 0.30323478063,
      "stddev": 0.0023417374471815067,
      "median": 0.30367165118,
      "user": 0.26534236,
      "system": 0.03652139,
      "min": 0.29731763718,
      "max": 0.30638654018,
      "times": [
        0.29731763718,
        0.30615967418,
        0.30422637018,
        0.30247865518,
        0.30181047518,
        0.29989756818,
        0.30498073518,
        0.30368122518,
        0.30396002118,
        0.30492528418,
        0.30638654018,
        0.30366207718,
        0.30438010218,
        0.30242986518,
        0.30196486018,
        0.30292422318,
        0.30551387218,
        0.30187839818,
        0.30002664518,
        0.30609138318
      ],
      "exit_codes": [
        0,
        0,
        0,
        0,
        0,
        0,
        0,
        0,
        0,
        0,
        0,
        0,
        0,
        0,
        0,
        0,
        0,
        0,
        0,
        0
      ]
    }
  ]
}
